"","grid","gridpoint","sol","new.td","density_spruce","group1","Density"
"1","ET","ET1",19.3,41.8,0,"0","low"
"2","ET","ET1",8.5,41.7,0,"0","low"
"3","ET","ET1",19.1,44.7,0,"0","low"
"4","ET","ET1",15.5,31.4,0,"0","low"
"5","ET","ET1",10.2,50,0,"0","low"
"6","ET","ET1",18.1,44.5,0,"0","low"
"7","ET","ET1",18,39.3,0,"0","low"
"8","ET","ET1",24.1,33.7,0,"0","low"
"9","ET","ET1",16.1,35.3,0,"0","low"
"10","ET","ET1",24.3,29,0,"0","low"
"11","ET","ET1",12,36.4,0,"0","low"
"12","ET","ET1",21.1,37.5,0,"0","low"
"13","ET","ET10",19.5,28.5,0,"0","low"
"14","ET","ET10",34,38.2,0,"0","low"
"15","ET","ET10",22,25,0,"0","low"
"16","ET","ET10",29.2,31.8,0,"0","low"
"17","ET","ET10",15,35,0,"0","low"
"18","ET","ET10",28,28.4,0,"0","low"
"19","ET","ET10",33.5,36,0,"0","low"
"20","ET","ET10",12.5,30.2,0,"0","low"
"21","ET","ET10",12.2,30.2,0,"0","low"
"22","ET","ET10",26,28.2,0,"0","low"
"23","ET","ET10",19.5,29.7,0,"0","low"
"24","ET","ET11",20.5,25.5,0,"0","low"
"25","ET","ET11",13.5,30.9,0,"0","low"
"26","ET","ET11",14.2,52.4,0,"0","low"
"27","ET","ET11",10.5,35.1,0,"0","low"
"28","ET","ET11",23,33.4,0,"0","low"
"29","ET","ET11",13.6,32.5,0,"0","low"
"30","ET","ET11",22.4,36.7,0,"0","low"
"31","ET","ET11",12.5,44.5,0,"0","low"
"32","ET","ET11",21.1,37.9,0,"0","low"
"33","ET","ET11",49.9,56.2,0,"0","low"
"34","ET","ET11",16.1,33.7,0,"0","low"
"35","ET","ET11",9,34.2,0,"0","low"
"36","ET","ET13",31.2,40.9,0,"0","low"
"37","ET","ET13",12,29.9,0,"0","low"
"38","ET","ET13",32.1,42.7,0,"0","low"
"39","ET","ET13",19.5,35.1,0,"0","low"
"40","ET","ET13",17.5,46.8,0,"0","low"
"41","ET","ET13",23,36.2,0,"0","low"
"42","ET","ET13",18,39.7,0,"0","low"
"43","ET","ET13",31.1,52.5,0,"0","low"
"44","ET","ET13",40.5,49.8,0,"0","low"
"45","ET","ET13",22.5,35.1,0,"0","low"
"46","ET","ET13",34.9,58,0,"0","low"
"47","ET","ET13",21,50.2,0,"0","low"
"48","ET","ET14",27.1,40.9,0,"0","low"
"49","ET","ET14",7.5,37.5,0,"0","low"
"50","ET","ET14",1.2,61,0,"0","low"
"51","ET","ET14",22.5,32.6,0,"0","low"
"52","ET","ET14",9.5,45.9,0,"0","low"
"53","ET","ET14",16,35.3,0,"0","low"
"54","ET","ET14",24.4,32.5,0,"0","low"
"55","ET","ET14",22.2,40,0,"0","low"
"56","ET","ET14",16.9,36.6,0,"0","low"
"57","ET","ET14",31.5,40.2,0,"0","low"
"58","ET","ET14",26.5,34.7,0,"0","low"
"59","ET","ET15",23.9,33.5,0,"0","low"
"60","ET","ET15",30,37.9,0,"0","low"
"61","ET","ET15",34,35.6,0,"0","low"
"62","ET","ET15",7,38.5,0,"0","low"
"63","ET","ET15",29.3,42,0,"0","low"
"64","ET","ET15",20,39.8,0,"0","low"
"65","ET","ET15",16.5,41.9,0,"0","low"
"66","ET","ET15",22.5,34.9,0,"0","low"
"67","ET","ET15",23,33,0,"0","low"
"68","ET","ET16",25.5,40.5,0,"0","low"
"69","ET","ET16",19.5,32.5,0,"0","low"
"70","ET","ET16",22,47.2,0,"0","low"
"71","ET","ET16",19,46.5,0,"0","low"
"72","ET","ET16",6.5,40,0,"0","low"
"73","ET","ET16",12.5,47.7,0,"0","low"
"74","ET","ET16",13.5,43.7,0,"0","low"
"75","ET","ET16",11.5,38.1,0,"0","low"
"76","ET","ET16",24.2,42.4,0,"0","low"
"77","ET","ET16",4.1,36.6,0,"0","low"
"78","ET","ET16",22.3,31.9,0,"0","low"
"79","ET","ET16",15.5,40.3,0,"0","low"
"80","ET","ET17",2.5,52,0,"0","low"
"81","ET","ET17",23.5,36.5,0,"0","low"
"82","ET","ET17",21.5,42.5,0,"0","low"
"83","ET","ET17",22,44.5,0,"0","low"
"84","ET","ET17",13,35,0,"0","low"
"85","ET","ET17",27,38.5,0,"0","low"
"86","ET","ET17",12.5,37,0,"0","low"
"87","ET","ET17",3.2,40,0,"0","low"
"88","ET","ET18",42.5,42.9,0,"0","low"
"89","ET","ET18",25,32.5,0,"0","low"
"90","ET","ET18",11.5,34.9,0,"0","low"
"91","ET","ET18",24.6,33.5,0,"0","low"
"92","ET","ET18",23.5,29.1,0,"0","low"
"93","ET","ET18",23,34.9,0,"0","low"
"94","ET","ET18",39.8,48.7,0,"0","low"
"95","ET","ET18",15,37.2,0,"0","low"
"96","ET","ET18",22.6,35,0,"0","low"
"97","ET","ET18",20.3,29.7,0,"0","low"
"98","ET","ET18",22.1,33.7,0,"0","low"
"99","ET","ET19",15.6,28.9,0,"0","low"
"100","ET","ET19",21.4,37.8,0,"0","low"
"101","ET","ET19",21.4,41.5,0,"0","low"
"102","ET","ET19",12.2,28.6,0,"0","low"
"103","ET","ET19",6.4,58,0,"0","low"
"104","ET","ET19",10.5,52.4,0,"0","low"
"105","ET","ET19",24.6,48.2,0,"0","low"
"106","ET","ET19",11.7,39.6,0,"0","low"
"107","ET","ET19",27.5,36.8,0,"0","low"
"108","ET","ET19",32.5,39,0,"0","low"
"109","ET","ET19",12.1,52.5,0,"0","low"
"110","ET","ET19",23.9,38.5,0,"0","low"
"111","ET","ET2",12.5,35.5,0,"0","low"
"112","ET","ET2",8.5,41,0,"0","low"
"113","ET","ET2",2.9,48,0,"0","low"
"114","ET","ET2",1.5,56.5,0,"0","low"
"115","ET","ET2",6,37,0,"0","low"
"116","ET","ET2",6.5,41.5,0,"0","low"
"117","ET","ET2",15,42,0,"0","low"
"118","ET","ET2",15,42,0,"0","low"
"119","ET","ET2",5.5,54.5,0,"0","low"
"120","ET","ET2",15.5,40,0,"0","low"
"121","ET","ET2",25.2,40,0,"0","low"
"122","ET","ET2",6,50.5,0,"0","low"
"123","ET","ET20",18.4,38.5,0,"0","low"
"124","ET","ET20",18.5,34.6,0,"0","low"
"125","ET","ET20",21.2,34.6,0,"0","low"
"126","ET","ET20",16,42.8,0,"0","low"
"127","ET","ET20",22.1,36.7,0,"0","low"
"128","ET","ET20",31.5,32.8,0,"0","low"
"129","ET","ET20",24.1,36.4,0,"0","low"
"130","ET","ET20",13.5,32.3,0,"0","low"
"131","ET","ET20",27.1,38.4,0,"0","low"
"132","ET","ET20",22.5,38.1,0,"0","low"
"133","ET","ET20",15,35.9,0,"0","low"
"134","ET","ET21",11.8,42.2,0,"0","low"
"135","ET","ET21",12.5,31.4,0,"0","low"
"136","ET","ET21",14.8,41.9,0,"0","low"
"137","ET","ET21",12.1,43.5,0,"0","low"
"138","ET","ET21",23.1,32.4,0,"0","low"
"139","ET","ET21",13.5,36.3,0,"0","low"
"140","ET","ET21",29,36.5,0,"0","low"
"141","ET","ET22",13.5,36.5,0.099522293,"(0.0249,0.229]","high"
"142","ET","ET22",10.5,49,0.099522293,"(0.0249,0.229]","high"
"143","ET","ET22",16,49.5,0.099522293,"(0.0249,0.229]","high"
"144","ET","ET22",16.5,41.5,0.099522293,"(0.0249,0.229]","high"
"145","ET","ET22",6.2,47.5,0.099522293,"(0.0249,0.229]","high"
"146","ET","ET22",14,42.5,0.099522293,"(0.0249,0.229]","high"
"147","ET","ET22",26.5,42,0.099522293,"(0.0249,0.229]","high"
"148","ET","ET22",4.5,87.5,0.099522293,"(0.0249,0.229]","high"
"149","ET","ET22",18,46,0.099522293,"(0.0249,0.229]","high"
"150","ET","ET22",5,58,0.099522293,"(0.0249,0.229]","high"
"151","ET","ET22",11.5,74,0.099522293,"(0.0249,0.229]","high"
"152","ET","ET22",27,49.5,0.099522293,"(0.0249,0.229]","high"
"153","ET","ET23",17,32,0.004976115,"(0,0.0249]","mid"
"154","ET","ET23",16,27.5,0.004976115,"(0,0.0249]","mid"
"155","ET","ET23",32.5,39,0.004976115,"(0,0.0249]","mid"
"156","ET","ET23",22.5,27.5,0.004976115,"(0,0.0249]","mid"
"157","ET","ET23",8,67.5,0.004976115,"(0,0.0249]","mid"
"158","ET","ET23",4.5,44,0.004976115,"(0,0.0249]","mid"
"159","ET","ET23",24,42,0.004976115,"(0,0.0249]","mid"
"160","ET","ET23",0,39,0.004976115,"(0,0.0249]","mid"
"161","ET","ET23",7.5,56,0.004976115,"(0,0.0249]","mid"
"162","ET","ET23",22,42.5,0.004976115,"(0,0.0249]","mid"
"163","ET","ET25",28.5,38,0.129378981,"(0.0249,0.229]","high"
"164","ET","ET25",19.5,33.5,0.129378981,"(0.0249,0.229]","high"
"165","ET","ET25",22,40.5,0.129378981,"(0.0249,0.229]","high"
"166","ET","ET25",22,38,0.129378981,"(0.0249,0.229]","high"
"167","ET","ET25",29,46.5,0.129378981,"(0.0249,0.229]","high"
"168","ET","ET25",34,36,0.129378981,"(0.0249,0.229]","high"
"169","ET","ET25",25.5,35.5,0.129378981,"(0.0249,0.229]","high"
"170","ET","ET25",28.5,39.5,0.129378981,"(0.0249,0.229]","high"
"171","ET","ET25",31,38.5,0.129378981,"(0.0249,0.229]","high"
"172","ET","ET3",10.4,49.5,0.004976115,"(0,0.0249]","mid"
"173","ET","ET3",19.5,34.5,0.004976115,"(0,0.0249]","mid"
"174","ET","ET3",4.5,45,0.004976115,"(0,0.0249]","mid"
"175","ET","ET3",7.5,57.5,0.004976115,"(0,0.0249]","mid"
"176","ET","ET3",17,40,0.004976115,"(0,0.0249]","mid"
"177","ET","ET3",2,60.8,0.004976115,"(0,0.0249]","mid"
"178","ET","ET3",1.5,47.5,0.004976115,"(0,0.0249]","mid"
"179","ET","ET3",3.5,43.5,0.004976115,"(0,0.0249]","mid"
"180","ET","ET3",20.5,39.5,0.004976115,"(0,0.0249]","mid"
"181","ET","ET3",7.5,37,0.004976115,"(0,0.0249]","mid"
"182","ET","ET5",22.5,36.5,0.019904459,"(0,0.0249]","mid"
"183","ET","ET5",18.5,31.5,0.019904459,"(0,0.0249]","mid"
"184","ET","ET5",27.5,39.5,0.019904459,"(0,0.0249]","mid"
"185","ET","ET5",20.5,42,0.019904459,"(0,0.0249]","mid"
"186","ET","ET5",2,60.5,0.019904459,"(0,0.0249]","mid"
"187","ET","ET5",4,38,0.019904459,"(0,0.0249]","mid"
"188","ET","ET6",9.5,22,0,"0","low"
"189","ET","ET6",5.5,48.7,0,"0","low"
"190","ET","ET6",19.5,37.6,0,"0","low"
"191","ET","ET6",25,36.4,0,"0","low"
"192","ET","ET6",27.5,34.1,0,"0","low"
"193","ET","ET6",32.1,40.5,0,"0","low"
"194","ET","ET6",23.1,37.1,0,"0","low"
"195","ET","ET6",3.9,54.7,0,"0","low"
"196","ET","ET6",36.9,38.6,0,"0","low"
"197","ET","ET6",28.7,29.4,0,"0","low"
"198","ET","ET6",26.6,34.5,0,"0","low"
"199","ET","ET7",19.5,33.1,0,"0","low"
"200","ET","ET7",36.1,37.9,0,"0","low"
"201","ET","ET7",32.5,34.5,0,"0","low"
"202","ET","ET7",20.8,39.7,0,"0","low"
"203","ET","ET7",21.5,41,0,"0","low"
"204","ET","ET7",21.5,26.9,0,"0","low"
"205","ET","ET7",28.4,29.5,0,"0","low"
"206","ET","ET7",28,38.5,0,"0","low"
"207","ET","ET7",13.5,35.2,0,"0","low"
"208","ET","ET7",27.3,29.5,0,"0","low"
"209","ET","ET7",28.2,33.7,0,"0","low"
"210","ET","ET8",31,35.3,0,"0","low"
"211","ET","ET8",28.5,31.2,0,"0","low"
"212","ET","ET8",24.5,22.6,0,"0","low"
"213","ET","ET8",12.3,33.9,0,"0","low"
"214","ET","ET8",14.6,36.4,0,"0","low"
"215","ET","ET8",12,27.9,0,"0","low"
"216","ET","ET8",17.5,36.9,0,"0","low"
"217","ET","ET8",15.2,35.6,0,"0","low"
"218","ET","ET8",28.5,33.2,0,"0","low"
"219","ET","ET8",40.2,41.8,0,"0","low"
"220","ET","ET8",31,36.5,0,"0","low"
"221","ET","ET8",25.9,33.4,0,"0","low"
"222","ET","ET9",21,30.3,0,"0","low"
"223","ET","ET9",17.1,24.5,0,"0","low"
"224","ET","ET9",15.6,30.7,0,"0","low"
"225","ET","ET9",23.7,35.1,0,"0","low"
"226","ET","ET9",24.2,35.1,0,"0","low"
"227","ET","ET9",24.5,29.1,0,"0","low"
"228","ET","ET9",24.1,35.4,0,"0","low"
"229","ET","ET9",30.5,38.2,0,"0","low"
"230","ET","ET9",4.5,39.1,0,"0","low"
"231","ET","ET9",17.4,23.5,0,"0","low"
"232","ET","ET9",31.1,32.5,0,"0","low"
"233","ET","ET9",14.7,33.5,0,"0","low"
"234","WC","WC1",20.5,61.2,0,"0","low"
"235","WC","WC1",19.1,59.8,0,"0","low"
"236","WC","WC1",15.9,49,0,"0","low"
"237","WC","WC1",6,61.6,0,"0","low"
"238","WC","WC1",17.5,65.7,0,"0","low"
"239","WC","WC1",14.8,54.3,0,"0","low"
"240","WC","WC1",3.9,75.2,0,"0","low"
"241","WC","WC1",11,48.1,0,"0","low"
"242","WC","WC1",17.1,58.5,0,"0","low"
"243","WC","WC1",15.1,57.5,0,"0","low"
"244","WC","WC1",6.2,71.5,0,"0","low"
"245","WC","WC1",22,52.4,0,"0","low"
"246","WC","WC10",1.5,32,0,"0","low"
"247","WC","WC10",20.5,54.5,0,"0","low"
"248","WC","WC10",34,111,0,"0","low"
"249","WC","WC10",19,101,0,"0","low"
"250","WC","WC10",40.5,68,0,"0","low"
"251","WC","WC10",5,130,0,"0","low"
"252","WC","WC10",22,91,0,"0","low"
"253","WC","WC10",40.5,101,0,"0","low"
"254","WC","WC10",3,62,0,"0","low"
"255","WC","WC10",15.5,130,0,"0","low"
"256","WC","WC11",2.2,92.1,0.074641719,"(0.0249,0.229]","high"
"257","WC","WC11",7.9,87.5,0.074641719,"(0.0249,0.229]","high"
"258","WC","WC11",4.2,90.8,0.074641719,"(0.0249,0.229]","high"
"259","WC","WC11",4.9,70.6,0.074641719,"(0.0249,0.229]","high"
"260","WC","WC11",3.8,99.1,0.074641719,"(0.0249,0.229]","high"
"261","WC","WC11",26.7,60.1,0.074641719,"(0.0249,0.229]","high"
"262","WC","WC11",4.1,74.5,0.074641719,"(0.0249,0.229]","high"
"263","WC","WC11",4.3,83.4,0.074641719,"(0.0249,0.229]","high"
"264","WC","WC11",3.5,83.4,0.074641719,"(0.0249,0.229]","high"
"265","WC","WC11",6,77.4,0.074641719,"(0.0249,0.229]","high"
"266","WC","WC11",4.8,94.6,0.074641719,"(0.0249,0.229]","high"
"267","WC","WC11",4.5,68.4,0.074641719,"(0.0249,0.229]","high"
"268","WC","WC12",34.2,38.6,0.009952229,"(0,0.0249]","mid"
"269","WC","WC12",17.9,41.3,0.009952229,"(0,0.0249]","mid"
"270","WC","WC12",21.4,44.9,0.009952229,"(0,0.0249]","mid"
"271","WC","WC12",21.9,40.5,0.009952229,"(0,0.0249]","mid"
"272","WC","WC12",22,53.8,0.009952229,"(0,0.0249]","mid"
"273","WC","WC12",20.5,52.6,0.009952229,"(0,0.0249]","mid"
"274","WC","WC12",24.2,54.1,0.009952229,"(0,0.0249]","mid"
"275","WC","WC12",25.4,72.1,0.009952229,"(0,0.0249]","mid"
"276","WC","WC12",17.8,46.5,0.009952229,"(0,0.0249]","mid"
"277","WC","WC12",19.5,37.2,0.009952229,"(0,0.0249]","mid"
"278","WC","WC12",14.5,64.1,0.009952229,"(0,0.0249]","mid"
"279","WC","WC12",36.5,55.6,0.009952229,"(0,0.0249]","mid"
"280","WC","WC13",8,55.4,0.019904459,"(0,0.0249]","mid"
"281","WC","WC13",18.5,51.4,0.019904459,"(0,0.0249]","mid"
"282","WC","WC13",12.1,45.7,0.019904459,"(0,0.0249]","mid"
"283","WC","WC13",3.6,60.3,0.019904459,"(0,0.0249]","mid"
"284","WC","WC13",8.5,69.6,0.019904459,"(0,0.0249]","mid"
"285","WC","WC13",13.5,55.7,0.019904459,"(0,0.0249]","mid"
"286","WC","WC13",18,42.4,0.019904459,"(0,0.0249]","mid"
"287","WC","WC13",13.5,44.1,0.019904459,"(0,0.0249]","mid"
"288","WC","WC13",8.8,66,0.019904459,"(0,0.0249]","mid"
"289","WC","WC13",14,42.6,0.019904459,"(0,0.0249]","mid"
"290","WC","WC13",30,44.5,0.019904459,"(0,0.0249]","mid"
"291","WC","WC14",11,93.4,0.044785032,"(0.0249,0.229]","high"
"292","WC","WC14",10.3,71.3,0.044785032,"(0.0249,0.229]","high"
"293","WC","WC14",10,86.7,0.044785032,"(0.0249,0.229]","high"
"294","WC","WC14",4.8,80.3,0.044785032,"(0.0249,0.229]","high"
"295","WC","WC14",11.5,84.4,0.044785032,"(0.0249,0.229]","high"
"296","WC","WC14",7.1,81.4,0.044785032,"(0.0249,0.229]","high"
"297","WC","WC14",14.1,80.3,0.044785032,"(0.0249,0.229]","high"
"298","WC","WC14",10.4,75.2,0.044785032,"(0.0249,0.229]","high"
"299","WC","WC14",17.5,91.6,0.044785032,"(0.0249,0.229]","high"
"300","WC","WC14",9.2,71.4,0.044785032,"(0.0249,0.229]","high"
"301","WC","WC14",5.8,81.9,0.044785032,"(0.0249,0.229]","high"
"302","WC","WC14",12,84.9,0.044785032,"(0.0249,0.229]","high"
"303","WC","WC15",23.4,53.7,0,"0","low"
"304","WC","WC15",23.5,55.4,0,"0","low"
"305","WC","WC15",10.5,70.6,0,"0","low"
"306","WC","WC15",17.1,60.8,0,"0","low"
"307","WC","WC15",15.1,52.2,0,"0","low"
"308","WC","WC15",27.5,51.1,0,"0","low"
"309","WC","WC15",4.9,57.1,0,"0","low"
"310","WC","WC15",30.1,43.5,0,"0","low"
"311","WC","WC15",19.8,55.1,0,"0","low"
"312","WC","WC15",18.1,61.6,0,"0","low"
"313","WC","WC16",1.5,100.5,0,"0","low"
"314","WC","WC16",7.8,77.3,0,"0","low"
"315","WC","WC16",6.3,64.5,0,"0","low"
"316","WC","WC16",7.5,86.4,0,"0","low"
"317","WC","WC16",16,60.1,0,"0","low"
"318","WC","WC16",6,96.5,0,"0","low"
"319","WC","WC16",15.5,55.6,0,"0","low"
"320","WC","WC16",8.9,80.9,0,"0","low"
"321","WC","WC16",9.1,56.8,0,"0","low"
"322","WC","WC16",5,34.4,0,"0","low"
"323","WC","WC16",7,90.2,0,"0","low"
"324","WC","WC16",5,102.9,0,"0","low"
"325","WC","WC17",28.5,70,0.044785032,"(0.0249,0.229]","high"
"326","WC","WC17",5.5,88.5,0.044785032,"(0.0249,0.229]","high"
"327","WC","WC17",3,82,0.044785032,"(0.0249,0.229]","high"
"328","WC","WC17",1.5,99,0.044785032,"(0.0249,0.229]","high"
"329","WC","WC17",11,69.5,0.044785032,"(0.0249,0.229]","high"
"330","WC","WC17",16.5,68,0.044785032,"(0.0249,0.229]","high"
"331","WC","WC17",14.5,58,0.044785032,"(0.0249,0.229]","high"
"332","WC","WC17",17,57,0.044785032,"(0.0249,0.229]","high"
"333","WC","WC17",22.5,69,0.044785032,"(0.0249,0.229]","high"
"334","WC","WC17",3,104.5,0.044785032,"(0.0249,0.229]","high"
"335","WC","WC17",1,89,0.044785032,"(0.0249,0.229]","high"
"336","WC","WC17",4.5,94.5,0.044785032,"(0.0249,0.229]","high"
"337","WC","WC18",7.5,82.9,0.029856688,"(0.0249,0.229]","high"
"338","WC","WC18",8,61,0.029856688,"(0.0249,0.229]","high"
"339","WC","WC18",9.9,66,0.029856688,"(0.0249,0.229]","high"
"340","WC","WC18",7,79.1,0.029856688,"(0.0249,0.229]","high"
"341","WC","WC18",20.5,50,0.029856688,"(0.0249,0.229]","high"
"342","WC","WC18",14.1,50.9,0.029856688,"(0.0249,0.229]","high"
"343","WC","WC18",12.1,64.5,0.029856688,"(0.0249,0.229]","high"
"344","WC","WC18",13,44.9,0.029856688,"(0.0249,0.229]","high"
"345","WC","WC18",9.6,62.8,0.029856688,"(0.0249,0.229]","high"
"346","WC","WC18",9.6,89.3,0.029856688,"(0.0249,0.229]","high"
"347","WC","WC18",7.1,46.7,0.029856688,"(0.0249,0.229]","high"
"348","WC","WC18",15.3,75.8,0.029856688,"(0.0249,0.229]","high"
"349","WC","WC19",9.1,56.4,0.228901274,"(0.0249,0.229]","high"
"350","WC","WC19",7.4,105.7,0.228901274,"(0.0249,0.229]","high"
"351","WC","WC19",7,42.3,0.228901274,"(0.0249,0.229]","high"
"352","WC","WC19",9.2,130,0.228901274,"(0.0249,0.229]","high"
"353","WC","WC19",6.9,29.1,0.228901274,"(0.0249,0.229]","high"
"354","WC","WC19",26,130,0.228901274,"(0.0249,0.229]","high"
"355","WC","WC19",5,82.6,0.228901274,"(0.0249,0.229]","high"
"356","WC","WC19",6.5,66.5,0.228901274,"(0.0249,0.229]","high"
"357","WC","WC19",9.1,130,0.228901274,"(0.0249,0.229]","high"
"358","WC","WC19",2.1,64,0.228901274,"(0.0249,0.229]","high"
"359","WC","WC19",4.2,38.5,0.228901274,"(0.0249,0.229]","high"
"360","WC","WC2",28,55,0,"0","low"
"361","WC","WC2",28.5,49,0,"0","low"
"362","WC","WC2",26,38,0,"0","low"
"363","WC","WC2",30.5,37.5,0,"0","low"
"364","WC","WC2",34,46.5,0,"0","low"
"365","WC","WC2",28.5,37,0,"0","low"
"366","WC","WC2",35.5,50,0,"0","low"
"367","WC","WC20",2.1,12,0.079617835,"(0.0249,0.229]","high"
"368","WC","WC20",4.5,17,0.079617835,"(0.0249,0.229]","high"
"369","WC","WC20",3.1,19.9,0.079617835,"(0.0249,0.229]","high"
"370","WC","WC20",2.6,33.1,0.079617835,"(0.0249,0.229]","high"
"371","WC","WC20",7,27.7,0.079617835,"(0.0249,0.229]","high"
"372","WC","WC20",4,56.1,0.079617835,"(0.0249,0.229]","high"
"373","WC","WC20",4.9,23.4,0.079617835,"(0.0249,0.229]","high"
"374","WC","WC20",5,19.1,0.079617835,"(0.0249,0.229]","high"
"375","WC","WC20",6.2,31.1,0.079617835,"(0.0249,0.229]","high"
"376","WC","WC20",4.5,30.9,0.079617835,"(0.0249,0.229]","high"
"377","WC","WC20",2.9,28.6,0.079617835,"(0.0249,0.229]","high"
"378","WC","WC20",4,19.6,0.079617835,"(0.0249,0.229]","high"
"379","WC","WC21",10.5,78,0.204020701,"(0.0249,0.229]","high"
"380","WC","WC21",9,72,0.204020701,"(0.0249,0.229]","high"
"381","WC","WC21",5,91,0.204020701,"(0.0249,0.229]","high"
"382","WC","WC21",18,44,0.204020701,"(0.0249,0.229]","high"
"383","WC","WC21",7.5,69,0.204020701,"(0.0249,0.229]","high"
"384","WC","WC21",7,93.5,0.204020701,"(0.0249,0.229]","high"
"385","WC","WC21",12.5,46.5,0.204020701,"(0.0249,0.229]","high"
"386","WC","WC21",11,83,0.204020701,"(0.0249,0.229]","high"
"387","WC","WC21",16.5,84.5,0.204020701,"(0.0249,0.229]","high"
"388","WC","WC21",27.5,59,0.204020701,"(0.0249,0.229]","high"
"389","WC","WC21",10.5,88,0.204020701,"(0.0249,0.229]","high"
"390","WC","WC21",6.5,112,0.204020701,"(0.0249,0.229]","high"
"391","WC","WC22",11,78.5,0.189092357,"(0.0249,0.229]","high"
"392","WC","WC22",37.5,53,0.189092357,"(0.0249,0.229]","high"
"393","WC","WC22",24.5,59,0.189092357,"(0.0249,0.229]","high"
"394","WC","WC22",7,42.5,0.189092357,"(0.0249,0.229]","high"
"395","WC","WC22",29,54,0.189092357,"(0.0249,0.229]","high"
"396","WC","WC22",8.5,58,0.189092357,"(0.0249,0.229]","high"
"397","WC","WC22",7.5,48,0.189092357,"(0.0249,0.229]","high"
"398","WC","WC22",5,63,0.189092357,"(0.0249,0.229]","high"
"399","WC","WC22",8.5,62,0.189092357,"(0.0249,0.229]","high"
"400","WC","WC22",4,73.5,0.189092357,"(0.0249,0.229]","high"
"401","WC","WC22",9,80,0.189092357,"(0.0249,0.229]","high"
"402","WC","WC22",14,63.5,0.189092357,"(0.0249,0.229]","high"
"403","WC","WC24",3.4,120,0.024880573,"(0,0.0249]","mid"
"404","WC","WC24",4.5,120,0.024880573,"(0,0.0249]","mid"
"405","WC","WC24",17.9,63.9,0.024880573,"(0,0.0249]","mid"
"406","WC","WC24",4.9,130,0.024880573,"(0,0.0249]","mid"
"407","WC","WC24",13.5,98.5,0.024880573,"(0,0.0249]","mid"
"408","WC","WC24",9.9,120,0.024880573,"(0,0.0249]","mid"
"409","WC","WC24",6.6,104,0.024880573,"(0,0.0249]","mid"
"410","WC","WC24",21.5,82.4,0.024880573,"(0,0.0249]","mid"
"411","WC","WC24",11.5,98.9,0.024880573,"(0,0.0249]","mid"
"412","WC","WC24",10.5,84.6,0.024880573,"(0,0.0249]","mid"
"413","WC","WC24",27.1,28.5,0.024880573,"(0,0.0249]","mid"
"414","WC","WC4",2.5,101,0.009952229,"(0,0.0249]","mid"
"415","WC","WC4",4,106,0.009952229,"(0,0.0249]","mid"
"416","WC","WC4",5.5,63.5,0.009952229,"(0,0.0249]","mid"
"417","WC","WC4",15,60.5,0.009952229,"(0,0.0249]","mid"
"418","WC","WC4",5,69,0.009952229,"(0,0.0249]","mid"
"419","WC","WC4",17,53,0.009952229,"(0,0.0249]","mid"
"420","WC","WC4",9,68,0.009952229,"(0,0.0249]","mid"
"421","WC","WC4",9,77,0.009952229,"(0,0.0249]","mid"
"422","WC","WC4",0.5,84,0.009952229,"(0,0.0249]","mid"
"423","WC","WC4",16.5,83,0.009952229,"(0,0.0249]","mid"
"424","WC","WC4",12,83,0.009952229,"(0,0.0249]","mid"
"425","WC","WC4",2.5,79,0.009952229,"(0,0.0249]","mid"
"426","WC","WC5",33.5,22.5,0,"0","low"
"427","WC","WC5",51,52,0,"0","low"
"428","WC","WC6",4.8,71.1,0.029856688,"(0.0249,0.229]","high"
"429","WC","WC6",6.4,76.7,0.029856688,"(0.0249,0.229]","high"
"430","WC","WC6",8.6,74.1,0.029856688,"(0.0249,0.229]","high"
"431","WC","WC6",17,51.5,0.029856688,"(0.0249,0.229]","high"
"432","WC","WC6",27.5,61.6,0.029856688,"(0.0249,0.229]","high"
"433","WC","WC6",7.1,66.7,0.029856688,"(0.0249,0.229]","high"
"434","WC","WC6",8,79.4,0.029856688,"(0.0249,0.229]","high"
"435","WC","WC6",11,44.7,0.029856688,"(0.0249,0.229]","high"
"436","WC","WC6",4.3,66.4,0.029856688,"(0.0249,0.229]","high"
"437","WC","WC6",12.5,57.6,0.029856688,"(0.0249,0.229]","high"
"438","WC","WC6",25.4,51.9,0.029856688,"(0.0249,0.229]","high"
"439","WC","WC6",9.2,75.9,0.029856688,"(0.0249,0.229]","high"
"440","WC","WC7",35,54.5,0,"0","low"
"441","WC","WC7",38,31,0,"0","low"
"442","WC","WC7",35,35.6,0,"0","low"
"443","WC","WC7",23.5,38.5,0,"0","low"
"444","WC","WC7",36.5,37.5,0,"0","low"
"445","WC","WC7",25,31,0,"0","low"
"446","WC","WC7",29.1,46.4,0,"0","low"
"447","WC","WC8",4,82.5,0.094546178,"(0.0249,0.229]","high"
"448","WC","WC8",3,79,0.094546178,"(0.0249,0.229]","high"
"449","WC","WC8",9,78,0.094546178,"(0.0249,0.229]","high"
"450","WC","WC8",6,98,0.094546178,"(0.0249,0.229]","high"
"451","WC","WC8",2.5,110,0.094546178,"(0.0249,0.229]","high"
"452","WC","WC8",5,88.5,0.094546178,"(0.0249,0.229]","high"
"453","WC","WC8",4,77,0.094546178,"(0.0249,0.229]","high"
"454","WC","WC8",2.5,65,0.094546178,"(0.0249,0.229]","high"
"455","WC","WC8",8,106,0.094546178,"(0.0249,0.229]","high"
"456","WC","WC8",9,103,0.094546178,"(0.0249,0.229]","high"
"457","WC","WC8",17,61,0.094546178,"(0.0249,0.229]","high"
"458","WC","WC8",19.5,81,0.094546178,"(0.0249,0.229]","high"
"459","WC","WC9",5.6,84.5,0.069665605,"(0.0249,0.229]","high"
"460","WC","WC9",4.9,89,0.069665605,"(0.0249,0.229]","high"
"461","WC","WC9",13,79.9,0.069665605,"(0.0249,0.229]","high"
"462","WC","WC9",5.2,98.3,0.069665605,"(0.0249,0.229]","high"
"463","WC","WC9",6.3,77.6,0.069665605,"(0.0249,0.229]","high"
"464","WC","WC9",10.5,84.8,0.069665605,"(0.0249,0.229]","high"
"465","WC","WC9",9.5,101.2,0.069665605,"(0.0249,0.229]","high"
"466","WC","WC9",3.8,94,0.069665605,"(0.0249,0.229]","high"
"467","WC","WC9",14.9,51.9,0.069665605,"(0.0249,0.229]","high"
"468","WC","WC9",5.9,76.1,0.069665605,"(0.0249,0.229]","high"
"469","WC","WC9",10.1,90.2,0.069665605,"(0.0249,0.229]","high"
"470","WC","WC9",11.7,79.5,0.069665605,"(0.0249,0.229]","high"
